{
  "carGuid": 0,
  "teamGuid": 0,
  "raceNumber": 111,
  "raceNumberPadding": 0,
  "auxLightKey": 0,
  "auxLightColor": 0,
  "skinTemplateKey": 0,
  "skinColor1Id": 0,
  "skinColor2Id": 0,
  "skinColor3Id": 0,
  "sponsorId": 0,
  "skinMaterialType1": 0,
  "skinMaterialType2": 0,
  "skinMaterialType3": 0,
  "rimColor1Id": 0,
  "rimColor2Id": 0,
  "rimMaterialType1": 0,
  "rimMaterialType2": 0,
  "teamName": "badger",
  "nationality": 86,
  "displayName": "happybadger",
  "competitorName": "happybadger",
  "competitorNationality": 86,
  "teamTemplateKey": 0,
  "carModelType": 27,
  "cupCategory": 0,
  "licenseType": 0,
  "useEnduranceKit": 0,
  "customSkinName": "badger",
  "bannerTemplateKey": 0
}